,index,loss
0,16.0,3.172182321548462
1,32.0,2.127274990081787
2,48.0,2.412552833557129
3,64.0,2.2126433849334717
4,80.0,2.380542278289795
5,96.0,1.9610264301300049
6,112.0,1.3672091960906982
7,128.0,1.7913249731063843
8,144.0,2.225803852081299
9,160.0,2.7593436241149902
10,176.0,2.0549964904785156
11,192.0,2.516319513320923
12,208.0,2.7389183044433594
13,224.0,3.1185379028320312
14,240.0,2.5864763259887695
15,256.0,2.2517130374908447
16,272.0,2.240360975265503
17,288.0,2.6322948932647705
18,304.0,2.893721580505371
19,320.0,1.2613000869750977
20,336.0,2.143110513687134
21,352.0,2.472327947616577
22,368.0,1.6141711473464966
23,384.0,1.9233452081680298
24,400.0,3.1732773780822754
25,416.0,2.0405478477478027
26,432.0,1.2452088594436646
27,448.0,3.069751262664795
28,464.0,1.7416932582855225
29,480.0,2.1317358016967773
30,496.0,1.2243356704711914
31,512.0,3.166461944580078
32,528.0,2.381082773208618
33,544.0,2.0375919342041016
34,560.0,1.7461696863174438
35,576.0,1.3685272932052612
36,592.0,1.754583716392517
37,608.0,1.8844704627990723
38,624.0,1.5617283582687378
39,640.0,2.1904735565185547
40,656.0,1.8494491577148438
41,672.0,1.372292160987854
42,688.0,1.1118812561035156
43,704.0,1.3221876621246338
44,720.0,0.8890032768249512
45,736.0,2.1085715293884277
46,752.0,3.5619232654571533
47,768.0,0.9560521245002747
48,784.0,1.406395673751831
49,800.0,2.057860851287842
50,816.0,0.8433951139450073
51,832.0,2.465609550476074
52,848.0,2.1918044090270996
53,864.0,2.1181867122650146
54,880.0,1.0881540775299072
55,896.0,1.429706335067749
56,912.0,1.069092869758606
57,928.0,0.8897273540496826
58,944.0,1.94941246509552
59,960.0,0.8192322254180908
60,976.0,1.2450231313705444
61,992.0,1.3980743885040283
62,1008.0,1.2558624744415283
63,1024.0,0.6630315780639648
64,1040.0,1.3549442291259766
65,1056.0,0.7945036888122559
66,1072.0,0.8008027076721191
67,1088.0,1.4244234561920166
68,1104.0,1.5420399904251099
69,1120.0,1.1071059703826904
70,1136.0,0.40455594658851624
71,1152.0,0.701143741607666
72,1168.0,1.644051432609558
73,1184.0,2.1157145500183105
74,1200.0,0.9486407041549683
75,1216.0,0.8288065195083618
76,1232.0,0.3212694823741913
77,1248.0,0.3115706145763397
78,1264.0,1.6183770895004272
79,1280.0,0.7298649549484253
80,1296.0,0.7097539901733398
81,1312.0,0.4742414355278015
82,1328.0,0.4383050501346588
83,1344.0,0.6780768632888794
84,1360.0,0.979987621307373
85,1376.0,1.274493932723999
86,1392.0,0.6797093152999878
87,1408.0,0.4300321340560913
88,1424.0,1.487737774848938
89,1440.0,0.915093719959259
90,1456.0,1.3041576147079468
91,1472.0,0.39431414008140564
92,1488.0,1.9005041122436523
93,1504.0,0.8702986836433411
94,1520.0,0.591664731502533
95,1536.0,1.2192635536193848
96,1552.0,1.3564932346343994
97,1568.0,1.3549820184707642
98,1584.0,0.715351939201355
99,1600.0,0.21243561804294586
100,1616.0,1.2715767621994019
101,1632.0,1.0713961124420166
102,1648.0,1.5166536569595337
103,1664.0,1.2117639780044556
104,1680.0,0.9978992938995361
105,1696.0,1.1442959308624268
106,1712.0,0.298431396484375
107,1728.0,1.59906804561615
108,1744.0,0.5360283851623535
109,1760.0,0.6693580150604248
110,1776.0,0.18744519352912903
111,1792.0,0.539332926273346
112,1808.0,0.272930383682251
113,1824.0,1.6867023706436157
114,1840.0,0.40536943078041077
115,1856.0,0.7475064992904663
116,1872.0,1.1122832298278809
117,1888.0,0.18114881217479706
118,1904.0,0.5712921023368835
119,1920.0,1.2918694019317627
120,1936.0,0.22615660727024078
121,1952.0,0.7427069544792175
122,1968.0,0.7625689506530762
123,1984.0,0.9356148838996887
124,2000.0,1.1299251317977905
125,2016.0,0.5462425351142883
126,2032.0,0.8582746386528015
127,2048.0,0.8733993768692017
128,2064.0,0.4453660845756531
129,2080.0,0.9981238842010498
130,2096.0,0.3410777449607849
131,2112.0,0.550363302230835
132,2128.0,0.9184265732765198
133,2144.0,0.2018449604511261
134,2160.0,0.9457492232322693
135,2176.0,0.3843882381916046
136,2192.0,0.6799906492233276
137,2208.0,0.4743209183216095
138,2224.0,0.42442989349365234
139,2240.0,0.9924253225326538
140,2256.0,0.4847880005836487
141,2272.0,0.25924694538116455
142,2288.0,0.7462378144264221
143,2304.0,0.20752310752868652
144,2320.0,0.7697701454162598
145,2336.0,0.6092989444732666
146,2352.0,1.086914300918579
147,2368.0,0.6005504131317139
148,2384.0,0.7889700531959534
149,2400.0,0.5508570671081543
150,2416.0,0.6946449279785156
151,2432.0,0.26304352283477783
152,2448.0,0.8214353322982788
153,2464.0,0.5477986931800842
154,2480.0,1.216953992843628
155,2496.0,0.4745003283023834
156,2512.0,0.5812859535217285
157,2528.0,0.35129791498184204
158,2544.0,1.3355292081832886
159,2560.0,0.537368893623352
160,2576.0,0.11669885367155075
161,2592.0,0.8428476452827454
162,2608.0,0.28519225120544434
163,2624.0,0.22734585404396057
164,2640.0,0.1921793818473816
165,2656.0,0.5716850757598877
166,2672.0,0.4063480794429779
167,2688.0,0.5287172198295593
168,2704.0,0.27027079463005066
169,2720.0,1.4042166471481323
170,2736.0,0.4435637891292572
171,2752.0,1.1359378099441528
172,2768.0,0.09993237257003784
173,2784.0,1.023758053779602
174,2800.0,0.48205238580703735
175,2816.0,0.23001714050769806
176,2832.0,0.15388822555541992
177,2848.0,0.15704581141471863
178,2864.0,0.33669477701187134
179,2880.0,1.0385397672653198
180,2896.0,1.0793540477752686
181,16.0,1.2240666151046753
182,32.0,1.5687428712844849
183,48.0,0.7256346940994263
184,64.0,0.5489105582237244
185,80.0,1.0100734233856201
186,96.0,0.735529363155365
187,112.0,0.6178924441337585
188,128.0,0.2045862078666687
189,144.0,0.3110952377319336
190,160.0,0.8141805529594421
191,176.0,0.7864183187484741
192,192.0,0.6521999835968018
193,208.0,0.26194819808006287
194,224.0,0.5466708540916443
195,240.0,0.4291991591453552
196,256.0,0.35916998982429504
197,272.0,0.17924627661705017
198,288.0,0.3394993245601654
199,304.0,0.7695116400718689
200,320.0,1.468641757965088
201,336.0,0.702543318271637
202,352.0,0.18054206669330597
203,368.0,0.803350567817688
204,384.0,0.8229389190673828
205,400.0,0.7825303077697754
206,416.0,0.8265266418457031
207,432.0,0.723499596118927
208,448.0,1.2129411697387695
209,464.0,0.2779124081134796
210,480.0,0.5609272718429565
211,496.0,0.717872679233551
212,512.0,0.9546298980712891
213,528.0,0.7026144862174988
214,544.0,1.1630340814590454
215,560.0,1.2791074514389038
216,576.0,0.290813148021698
217,592.0,0.29397091269493103
218,608.0,0.6409800052642822
219,624.0,0.4055442810058594
220,640.0,0.6454570293426514
221,656.0,0.7249508500099182
222,672.0,0.7053682804107666
223,688.0,1.4665013551712036
224,704.0,0.6085659265518188
225,720.0,0.5711560845375061
226,736.0,0.6645239591598511
227,752.0,0.7520901560783386
228,768.0,0.6573377847671509
229,784.0,1.3129469156265259
230,800.0,0.6611369252204895
231,816.0,1.45460844039917
232,832.0,0.39623886346817017
233,848.0,1.8555697202682495
234,864.0,0.4431423246860504
235,880.0,1.588478446006775
236,896.0,0.20131239295005798
237,912.0,1.6195049285888672
238,928.0,0.8052030801773071
239,944.0,0.8743928670883179
240,960.0,0.7080008387565613
241,976.0,2.1487834453582764
242,992.0,0.18346987664699554
243,1008.0,0.8945010900497437
244,1024.0,0.9991666078567505
245,1040.0,0.5178281664848328
246,1056.0,0.7877631187438965
247,1072.0,0.4165801703929901
248,1088.0,1.3662564754486084
249,1104.0,0.39733976125717163
250,1120.0,1.1842232942581177
251,1136.0,1.2438980340957642
252,1152.0,0.10086747258901596
253,1168.0,0.4321678578853607
254,1184.0,0.9700179100036621
255,1200.0,0.46024277806282043
256,1216.0,0.2908957302570343
257,1232.0,0.6231973171234131
258,1248.0,1.1054607629776
259,1264.0,0.7586346864700317
260,1280.0,0.2885589301586151
261,1296.0,0.35678860545158386
262,1312.0,1.2854957580566406
263,1328.0,0.7934924364089966
264,1344.0,0.7622753977775574
265,1360.0,0.7666215300559998
266,1376.0,0.06717781722545624
267,1392.0,0.4433738589286804
268,1408.0,0.4371492862701416
269,1424.0,0.7297111749649048
270,1440.0,0.7623962163925171
271,1456.0,0.9789543151855469
272,1472.0,0.8989342451095581
273,1488.0,1.2277652025222778
274,1504.0,0.2909863591194153
275,1520.0,0.7210079431533813
276,1536.0,0.7568313479423523
277,1552.0,0.33137229084968567
278,1568.0,0.8789451718330383
279,1584.0,0.37523478269577026
280,1600.0,0.7819990515708923
281,1616.0,0.17998859286308289
282,1632.0,0.27801376581192017
283,1648.0,0.2991056442260742
284,1664.0,0.10932677239179611
285,1680.0,1.0632883310317993
286,1696.0,0.2098402976989746
287,1712.0,0.9937910437583923
288,1728.0,0.34493571519851685
289,1744.0,0.14748159050941467
290,1760.0,0.9249874949455261
291,1776.0,0.614902138710022
292,1792.0,0.817793607711792
293,1808.0,0.4662470519542694
294,1824.0,0.14326679706573486
295,1840.0,0.7704313397407532
296,1856.0,0.887328565120697
297,1872.0,0.5841245055198669
298,1888.0,0.5603574514389038
299,1904.0,0.7712634205818176
300,1920.0,0.7678333520889282
301,1936.0,0.6238220930099487
302,1952.0,0.8227439522743225
303,1968.0,0.6208813190460205
304,1984.0,0.11082317680120468
305,2000.0,0.23435011506080627
306,2016.0,0.47655829787254333
307,2032.0,0.2747073471546173
308,2048.0,0.7113490700721741
309,2064.0,0.4764544665813446
310,2080.0,0.7548813819885254
311,2096.0,0.3439424932003021
312,2112.0,0.9485384225845337
313,2128.0,0.8686742186546326
314,2144.0,0.7977277636528015
315,2160.0,0.6387466788291931
316,2176.0,0.5970826745033264
317,2192.0,0.6011967062950134
318,2208.0,0.5445793867111206
319,2224.0,0.9104411005973816
320,2240.0,0.1807088851928711
321,2256.0,1.133607268333435
322,2272.0,0.5011769533157349
323,2288.0,0.36628684401512146
324,2304.0,0.8935204148292542
325,2320.0,0.10064693540334702
326,2336.0,0.24083514511585236
327,2352.0,0.9020441174507141
328,2368.0,1.0368080139160156
329,2384.0,0.5340027809143066
330,2400.0,1.4157370328903198
331,2416.0,0.7384841442108154
332,2432.0,0.6409131288528442
333,2448.0,0.7174721956253052
334,2464.0,0.9883298873901367
335,2480.0,0.665227472782135
336,2496.0,1.7928670644760132
337,2512.0,0.8947486281394958
338,2528.0,0.5803279876708984
339,2544.0,1.170058250427246
340,2560.0,0.9774119853973389
341,2576.0,0.9104441404342651
342,2592.0,0.07966122031211853
343,2608.0,0.40125927329063416
344,2624.0,0.21175971627235413
345,2640.0,0.6341394186019897
346,2656.0,0.2425559163093567
347,2672.0,0.40300801396369934
348,2688.0,0.903910756111145
349,2704.0,1.3136004209518433
350,2720.0,0.4625069499015808
351,2736.0,0.5699172019958496
352,2752.0,0.6385720372200012
353,2768.0,1.930822730064392
354,2784.0,1.1001707315444946
355,2800.0,0.2441970258951187
356,2816.0,0.9142395257949829
357,2832.0,0.351287305355072
358,2848.0,0.7510743141174316
359,2864.0,0.5439427495002747
360,2880.0,0.16347911953926086
361,2896.0,0.5234525799751282
362,2912.0,2.0777525901794434
363,2928.0,0.3902645707130432
364,2944.0,0.6933611035346985
365,2960.0,0.5052937269210815
366,2976.0,0.9070095419883728
367,2992.0,0.8681145906448364
368,3008.0,0.7296760678291321
369,3024.0,0.4172559082508087
370,3040.0,0.3130636513233185
371,3056.0,0.4219944477081299
372,3072.0,0.8235517740249634
373,3088.0,0.19954566657543182
374,3104.0,1.226863145828247
375,3120.0,0.3989998698234558
376,3136.0,0.5912576913833618
377,3152.0,0.895379900932312
378,3168.0,0.5824515223503113
379,3184.0,0.6722080111503601
380,3200.0,0.18292690813541412
381,3216.0,0.859613299369812
382,3232.0,0.38241511583328247
383,3248.0,0.46488747000694275
384,3264.0,0.5010388493537903
385,3280.0,0.8338395953178406
386,3296.0,0.7623530626296997
387,3312.0,0.6382015943527222
388,3328.0,0.5539482831954956
389,3344.0,0.2347962111234665
390,3360.0,0.26822808384895325
391,3376.0,0.8431901335716248
392,3392.0,0.45358550548553467
393,3408.0,1.7148460149765015
394,3424.0,0.1538330316543579
395,3440.0,0.06171827018260956
396,3456.0,0.5538895130157471
397,3472.0,0.06559620797634125
398,3488.0,0.37909236550331116
399,3504.0,0.20591354370117188
400,3520.0,0.9292786717414856
401,3536.0,0.8533856868743896
402,3552.0,0.4027063846588135
403,3568.0,0.27286022901535034
404,3584.0,0.8187769055366516
405,3600.0,0.8360738158226013
406,3616.0,0.6759571433067322
407,3632.0,0.36437639594078064
408,3648.0,0.09727108478546143
409,3664.0,0.549232542514801
410,3680.0,0.5588513612747192
411,3696.0,0.12234773486852646
412,3712.0,0.7937133312225342
413,3728.0,0.29618287086486816
414,3744.0,1.075178861618042
415,3760.0,0.5176958441734314
416,3776.0,1.3037909269332886
417,3792.0,0.4434061050415039
418,3808.0,0.7481439709663391
419,3824.0,1.0084295272827148
420,3840.0,0.61309814453125
421,3856.0,0.36285722255706787
422,3872.0,0.6213279366493225
423,3888.0,0.2645968496799469
424,3904.0,0.6673827171325684
425,3920.0,0.9638494849205017
426,3936.0,0.29824042320251465
427,3952.0,0.2866325378417969
428,3968.0,0.5535666346549988
429,3984.0,0.19850657880306244
430,4000.0,0.35922208428382874
431,4016.0,0.9901469945907593
432,4032.0,0.3484088182449341
433,4048.0,0.7479426264762878
434,4064.0,0.8216859102249146
435,4080.0,0.27742865681648254
436,4096.0,0.18241159617900848
437,4112.0,0.27052563428878784
438,4128.0,0.6469557285308838
439,4144.0,0.04659689962863922
440,4160.0,0.15831676125526428
441,4176.0,0.07414256781339645
442,4192.0,0.5858088135719299
443,4208.0,0.4567648470401764
444,4224.0,0.7882742881774902
445,4240.0,0.5345086455345154
446,4256.0,0.048503581434488297
447,4272.0,1.0104866027832031
448,4288.0,2.0206854343414307
449,4304.0,0.1628154069185257
450,4320.0,0.6639421582221985
451,4336.0,0.760643720626831
452,4352.0,0.8640932440757751
453,4368.0,0.761044442653656
454,4384.0,0.35197606682777405
455,4400.0,1.035409688949585
456,4416.0,0.30389586091041565
457,4432.0,0.8325862884521484
458,4448.0,0.2476087063550949
459,4464.0,0.2897494435310364
460,4480.0,0.4210187494754791
461,4496.0,1.2514599561691284
462,4512.0,1.0476739406585693
463,4528.0,1.0839356184005737
464,4544.0,0.34520775079727173
465,4560.0,0.23731963336467743
466,4576.0,0.8954786062240601
467,4592.0,0.8560006022453308
468,4608.0,0.5725511908531189
469,4624.0,0.0854051262140274
470,4640.0,0.35164913535118103
471,4656.0,0.3362430930137634
472,4672.0,0.12995879352092743
473,4688.0,0.6231933832168579
474,4704.0,0.2749062478542328
475,4720.0,1.6109501123428345
476,4736.0,0.4279997944831848
477,4752.0,0.6020320653915405
478,4768.0,0.8845353126525879
479,4784.0,0.6511764526367188
480,4800.0,0.2471143752336502
481,4816.0,0.10823061317205429
482,4832.0,0.1362176090478897
483,4848.0,0.42556339502334595
484,4864.0,0.41875553131103516
485,4880.0,0.507631778717041
486,4896.0,0.6655844449996948
487,4912.0,0.424405038356781
488,4928.0,0.3845207989215851
489,4944.0,0.4662758409976959
490,4960.0,0.3511350452899933
491,4976.0,0.40663623809814453
492,4992.0,0.7079371809959412
493,5008.0,0.013025409542024136
494,5024.0,0.3916110694408417
495,5040.0,0.7681934237480164
496,5056.0,0.39227184653282166
497,5072.0,0.37369459867477417
498,5088.0,0.5490540266036987
499,5104.0,0.09413710236549377
500,5120.0,0.3704968988895416
501,5136.0,0.3823634088039398
502,5152.0,0.4611319601535797
503,5168.0,0.6937404274940491
504,5184.0,0.3033965229988098
505,5200.0,0.2604065239429474
506,5216.0,0.09444933384656906
507,5232.0,0.3066207468509674
508,5248.0,0.4639068841934204
509,5264.0,0.6683967113494873
510,5280.0,0.5218260884284973
511,5296.0,0.3159828782081604
512,5312.0,0.7399559020996094
513,5328.0,0.15516731142997742
514,5344.0,0.5287812352180481
515,5360.0,0.24922506511211395
516,5376.0,0.8843399286270142
517,5392.0,0.4536048471927643
518,5408.0,0.7125746607780457
519,5424.0,0.7232252359390259
520,5440.0,0.5611636638641357
521,5456.0,0.33980679512023926
522,5472.0,0.15062658488750458
523,5488.0,0.1529250144958496
524,5504.0,0.320064514875412
525,5520.0,0.6149933934211731
526,5536.0,0.1708676964044571
527,5552.0,1.1142759323120117
528,5568.0,0.47652795910835266
529,5584.0,0.5003264546394348
530,5600.0,0.9733340740203857
531,5616.0,0.31315892934799194
532,5632.0,0.29025372862815857
533,5648.0,0.935280442237854
534,5664.0,0.6180934906005859
535,5680.0,1.5560296773910522
536,5696.0,0.05771312490105629
537,5712.0,0.9250242710113525
538,5728.0,0.0594387948513031
539,5744.0,0.650293231010437
540,5760.0,0.22677718102931976
541,5776.0,0.6615402102470398
542,5792.0,0.18788929283618927
543,5808.0,1.0021584033966064
544,5824.0,0.47649404406547546
545,5840.0,0.5169535875320435
546,5856.0,0.032907579094171524
547,5872.0,0.5884878635406494
548,5888.0,0.5245339274406433
549,5904.0,0.07742948830127716
550,5920.0,0.16400137543678284
551,5936.0,0.5998649597167969
552,5952.0,0.38948363065719604
553,5968.0,0.2387610822916031
554,5984.0,0.08841933310031891
555,6000.0,0.6661966443061829
556,6016.0,0.17324402928352356
557,6032.0,0.602104663848877
558,6048.0,0.49688205122947693
559,6064.0,0.4013177156448364
560,6080.0,0.7930666208267212
561,6096.0,0.22407059371471405
562,6112.0,0.016685009002685547
563,6128.0,0.22427043318748474
564,6144.0,0.34050124883651733
565,6160.0,0.5554563403129578
566,6176.0,0.12273538112640381
567,6192.0,0.283530592918396
568,6208.0,0.39615169167518616
569,6224.0,0.3366079330444336
570,6240.0,0.1113104298710823
571,6256.0,2.558964490890503
572,6272.0,0.2142326533794403
573,6288.0,0.3388928771018982
574,6304.0,0.43604496121406555
575,6320.0,0.7422986030578613
576,6336.0,0.10473950952291489
577,6352.0,0.30545464158058167
578,6368.0,0.3745633363723755
579,6384.0,0.5163969397544861
580,6400.0,0.5096269249916077
581,6416.0,0.041475728154182434
582,6432.0,0.4802151322364807
583,6448.0,0.5184272527694702
584,6464.0,0.9326289892196655
585,6480.0,0.5358456969261169
586,6496.0,0.1550246924161911
587,6512.0,0.6023046374320984
588,6528.0,0.40960171818733215
589,6544.0,0.3039974868297577
590,6560.0,0.6097826361656189
591,6576.0,0.2985152304172516
592,6592.0,0.10446418821811676
593,6608.0,0.16007843613624573
594,6624.0,0.3189711570739746
595,6640.0,0.5283324122428894
596,6656.0,0.8967621326446533
597,6672.0,1.4975732564926147
598,6688.0,0.4613671600818634
599,6704.0,0.921555757522583
600,6720.0,1.7192409038543701
601,6736.0,0.4437159597873688
602,6752.0,0.8577961325645447
603,6768.0,0.7898649573326111
604,6784.0,0.6187098622322083
605,6800.0,1.434847116470337
606,6816.0,0.5670725703239441
607,6832.0,0.7728779911994934
608,6848.0,0.1310979127883911
609,6864.0,1.479185700416565
610,6880.0,0.43037551641464233
611,6896.0,0.2521222233772278
612,6912.0,0.1898711919784546
613,6928.0,0.43773242831230164
614,6944.0,0.23234911262989044
615,6960.0,0.4981427490711212
616,6976.0,0.7643916606903076
617,6992.0,0.5241456627845764
618,7008.0,0.5359165668487549
619,7024.0,0.20955096185207367
620,7040.0,0.9181275963783264
621,7056.0,0.14107634127140045
622,7072.0,0.3576500117778778
623,7088.0,0.585597813129425
624,7104.0,0.5216867923736572
625,7120.0,0.4096103012561798
626,7136.0,0.660105288028717
627,7152.0,0.12387508153915405
628,7168.0,0.4870649576187134
629,7184.0,0.09073499590158463
630,7200.0,0.7101542949676514
631,7216.0,0.15465378761291504
632,7232.0,0.6587803959846497
633,7248.0,0.4110524356365204
634,7264.0,0.3984259068965912
635,7280.0,0.363913357257843
636,7296.0,0.18288284540176392
637,7312.0,1.1932681798934937
638,7328.0,0.5881402492523193
639,7344.0,0.1000775471329689
640,7360.0,0.12474299967288971
641,7376.0,0.24977463483810425
642,7392.0,0.7540193200111389
643,7408.0,0.8026114702224731
644,7424.0,0.45836466550827026
645,7440.0,0.9534586668014526
646,7456.0,1.2936599254608154
647,7472.0,0.1631101369857788
648,7488.0,0.3989391326904297
649,7504.0,0.0641414076089859
650,7520.0,0.5024272203445435
651,7536.0,0.9998632073402405
652,7552.0,0.24518191814422607
653,7568.0,0.42257967591285706
654,7584.0,0.4121174216270447
655,7600.0,0.4216405153274536
656,7616.0,0.0646836906671524
657,7632.0,0.5032971501350403
658,7648.0,0.49875539541244507
659,7664.0,0.06919817626476288
660,7680.0,0.4668434262275696
661,7696.0,0.20990659296512604
662,7712.0,0.3019200265407562
663,7728.0,0.09311733394861221
664,7744.0,0.23310093581676483
665,7760.0,0.7136679887771606
666,7776.0,0.5630152225494385
667,7792.0,1.0548436641693115
668,7808.0,0.42820072174072266
669,7824.0,1.0395067930221558
670,7840.0,0.2992108464241028
671,7856.0,1.0509636402130127
672,7872.0,0.2954908609390259
673,7888.0,0.18551228940486908
674,7904.0,0.6197917461395264
675,7920.0,0.9738225340843201
676,7936.0,0.26722943782806396
677,7952.0,0.5029028654098511
678,7968.0,1.1472444534301758
679,7984.0,1.0838061571121216
680,8000.0,0.47787272930145264
681,8016.0,0.23659011721611023
682,8032.0,0.14975889027118683
683,8048.0,0.7127352356910706
684,8064.0,0.3622440993785858
685,8080.0,0.40245527029037476
686,8096.0,0.5363180041313171
687,8112.0,0.577219545841217
688,8128.0,0.6069992780685425
689,8144.0,0.5326848030090332
690,8160.0,0.4953669309616089
691,8176.0,0.6528143882751465
692,8192.0,0.47881630063056946
693,8208.0,0.39491942524909973
694,8224.0,0.5612234473228455
695,8240.0,0.5645611882209778
696,8256.0,0.24697567522525787
697,8272.0,1.6775890588760376
698,8288.0,0.4727674722671509
699,8304.0,0.8860423564910889
700,8320.0,0.2889993488788605
701,8336.0,0.38869723677635193
702,8352.0,0.15738873183727264
703,8368.0,0.9405297636985779
704,8384.0,0.4339914619922638
705,8400.0,0.34058594703674316
706,8416.0,0.7984439134597778
707,8432.0,0.08452408760786057
708,8448.0,0.5326012372970581
709,8464.0,0.5635572075843811
710,8480.0,0.7019354701042175
711,8496.0,0.16814224421977997
712,8512.0,0.05748797953128815
713,8528.0,0.39680683612823486
714,8544.0,0.05914510786533356
715,8560.0,0.33799245953559875
716,8576.0,0.20708738267421722
717,8592.0,0.04644244164228439
718,8608.0,0.5139325857162476
719,8624.0,0.1575671136379242
720,8640.0,0.6533124446868896
721,8656.0,0.06639024615287781
722,8672.0,0.36282896995544434
723,8688.0,0.15971428155899048
724,8704.0,0.2845282554626465
725,8720.0,0.807257354259491
726,8736.0,0.4335995614528656
727,8752.0,0.7675850987434387
728,8768.0,0.023708440363407135
729,8784.0,0.4016251266002655
730,8800.0,0.31239575147628784
731,8816.0,0.39976766705513
732,8832.0,0.5104332566261292
733,8848.0,0.6074692606925964
734,8864.0,0.276565819978714
735,8880.0,0.2575764060020447
736,8896.0,0.6399239301681519
737,8912.0,1.2908843755722046
738,8928.0,0.24249064922332764
739,8944.0,0.4899609088897705
740,8960.0,0.8619537353515625
741,8976.0,0.8712559938430786
742,8992.0,0.33189812302589417
743,9008.0,0.21946188807487488
744,9024.0,0.4594108462333679
745,9040.0,0.70891934633255
746,9056.0,0.4028528928756714
747,9072.0,0.2692350447177887
748,9088.0,0.20754806697368622
749,9104.0,0.029062366113066673
750,9120.0,0.3032439053058624
751,9136.0,0.11718301475048065
752,9152.0,1.1600415706634521
753,9168.0,0.36866509914398193
754,9184.0,0.5634174346923828
755,9200.0,0.7367194294929504
756,9216.0,0.8522173762321472
757,9232.0,0.39111512899398804
758,9248.0,1.461758017539978
759,9264.0,0.35441428422927856
760,9280.0,0.3444478213787079
761,9296.0,0.7910873293876648
762,9312.0,0.46181565523147583
763,9328.0,0.11961913108825684
764,9344.0,0.2191094011068344
765,9360.0,0.2025010883808136
766,9376.0,0.18744663894176483
767,9392.0,0.7293554544448853
768,9408.0,1.092391848564148
769,9424.0,0.26247385144233704
770,9440.0,0.09211792796850204
771,9456.0,1.2335124015808105
772,9472.0,0.32953083515167236
773,9488.0,0.36192137002944946
774,9504.0,0.14283892512321472
775,9520.0,0.5356205701828003
776,9536.0,0.4293041527271271
777,9552.0,0.5557188391685486
778,9568.0,0.3650447726249695
779,9584.0,0.28886327147483826
780,9600.0,0.21476829051971436
781,9616.0,0.17538779973983765
782,9632.0,0.8001772165298462
783,9648.0,0.8981009721755981
784,9664.0,0.4045071601867676
785,9680.0,0.17919407784938812
786,9696.0,0.8800385594367981
787,9712.0,0.341150164604187
788,9728.0,0.41621509194374084
789,9744.0,0.4407750964164734
790,9760.0,0.089249387383461
791,9776.0,0.7839287519454956
792,9792.0,0.17240484058856964
793,9808.0,0.1876225471496582
794,9824.0,0.6048736572265625
795,9840.0,0.267457515001297
796,9856.0,1.1513981819152832
797,9872.0,0.2915160357952118
798,9888.0,1.2218526601791382
799,9904.0,0.3474152684211731
800,9920.0,0.35618698596954346
801,9936.0,0.901362419128418
802,9952.0,0.28050029277801514
803,9968.0,1.8927861452102661
804,9984.0,1.0045207738876343
805,10000.0,0.18947353959083557
806,10016.0,0.13126997649669647
807,10032.0,0.7171018719673157
808,10048.0,0.40047723054885864
809,10064.0,0.2700712978839874
810,10080.0,0.40596890449523926
811,10096.0,0.629917562007904
812,10112.0,0.11331085115671158
813,10128.0,0.9920096397399902
814,10144.0,0.2593337595462799
815,10160.0,0.19049280881881714
816,10176.0,0.8355960845947266
817,10192.0,0.162515327334404
818,10208.0,0.2124989926815033
819,10224.0,0.8174673318862915
820,10240.0,0.6540758013725281
821,10256.0,0.393148273229599
822,10272.0,0.2289954274892807
823,10288.0,0.03183485567569733
824,10304.0,0.6456971168518066
825,10320.0,0.6864160895347595
826,10336.0,0.073560930788517
827,10352.0,0.4611804783344269
828,10368.0,0.08718208968639374
829,10384.0,0.08543874323368073
830,10400.0,0.12679652869701385
831,10416.0,1.6420191526412964
832,10432.0,0.8134304285049438
833,10448.0,0.0889766737818718
834,10464.0,0.351782888174057
835,10480.0,0.7985915541648865
836,10496.0,0.888729989528656
837,10512.0,0.44447198510169983
838,10528.0,0.26986461877822876
839,10544.0,0.47223231196403503
840,10560.0,0.1863022893667221
841,10576.0,0.07721910625696182
842,10592.0,0.28649309277534485
843,10608.0,1.1029967069625854
844,10624.0,0.4355336129665375
845,10640.0,0.34038659930229187
846,10656.0,1.2120740413665771
847,10672.0,0.4261755347251892
848,10688.0,1.3121750354766846
849,10704.0,0.2951902151107788
850,10720.0,0.3086702823638916
851,10736.0,0.07461975514888763
852,10752.0,0.15196847915649414
853,10768.0,0.7994876503944397
854,10784.0,0.2599286735057831
855,10800.0,0.29839175939559937
856,10816.0,0.07151014357805252
857,10832.0,0.7887106537818909
858,10848.0,0.21234416961669922
859,10864.0,0.11657100915908813
860,10880.0,0.6169089674949646
861,10896.0,0.22418998181819916
862,10912.0,0.2013312429189682
863,10928.0,0.11494642496109009
864,10944.0,0.8582163453102112
865,10960.0,0.32888689637184143
866,10976.0,0.8001013994216919
867,10992.0,0.13516908884048462
868,11008.0,0.469949334859848
869,11024.0,1.073843002319336
870,11040.0,1.965994119644165
871,11056.0,0.16217488050460815
872,11072.0,1.0171177387237549
873,11088.0,1.1570603847503662
874,11104.0,0.42767441272735596
875,11120.0,1.0771231651306152
876,11136.0,0.6702622175216675
877,11152.0,0.9122212529182434
878,11168.0,0.8874454498291016
879,11184.0,0.4635959267616272
880,11200.0,0.32158833742141724
881,11216.0,0.06523248553276062
882,11232.0,0.19355739653110504
883,11248.0,0.2527519166469574
884,11264.0,0.4624512195587158
885,11280.0,0.09763979911804199
886,11296.0,0.49242082238197327
887,11312.0,0.29977113008499146
888,11328.0,0.9159895181655884
889,11344.0,0.2450438290834427
890,11360.0,0.6315386891365051
891,11376.0,0.43439334630966187
892,11392.0,0.47221729159355164
893,11408.0,0.19599437713623047
894,11424.0,0.7724108695983887
895,11440.0,0.43530505895614624
896,11456.0,0.3105015158653259
897,11472.0,0.421649307012558
898,11488.0,0.6631351709365845
899,11504.0,0.6173471212387085
900,11520.0,0.05964824929833412
901,11536.0,0.38844430446624756
902,11552.0,0.22284573316574097
903,11568.0,0.32153382897377014
904,11584.0,1.080398678779602
905,11600.0,0.18785859644412994
906,11616.0,0.6418396830558777
907,11632.0,0.23995085060596466
908,11648.0,0.5149343013763428
909,11664.0,1.2927846908569336
910,11680.0,0.323868989944458
911,11696.0,0.37450841069221497
912,11712.0,0.3630661070346832
913,11728.0,0.43388503789901733
914,11744.0,0.1519555151462555
915,11760.0,0.5585300326347351
916,11776.0,0.33046087622642517
917,11792.0,0.31338387727737427
918,11808.0,0.5804777145385742
919,11824.0,0.3781028985977173
920,11840.0,0.3700879216194153
921,11856.0,0.7885835766792297
922,11872.0,0.1009170264005661
923,11888.0,0.4495001435279846
924,11904.0,0.6768348813056946
925,11920.0,0.17592565715312958
926,11936.0,0.2939535081386566
927,11952.0,0.5747464299201965
928,11968.0,0.42930716276168823
929,11984.0,0.7977351546287537
930,12000.0,0.5244386792182922
931,12016.0,0.29753825068473816
932,12032.0,0.3128055930137634
933,12048.0,0.4607504606246948
934,12064.0,0.12840251624584198
935,12080.0,0.08962427079677582
936,12096.0,0.07542596757411957
937,12112.0,0.36672520637512207
938,12128.0,0.129994735121727
939,12144.0,0.3207816481590271
940,12160.0,0.3654346168041229
941,12176.0,0.9993643760681152
942,12192.0,0.6691579818725586
943,12208.0,0.11652597784996033
944,12224.0,1.11162531375885
945,12240.0,0.2267678827047348
946,12256.0,0.2784821093082428
947,12272.0,0.3746972680091858
948,12288.0,0.6857972145080566
949,12304.0,0.32916486263275146
950,12320.0,0.0484137162566185
951,12336.0,0.7494637966156006
952,12352.0,0.03506537526845932
953,12368.0,0.9859712719917297
954,12384.0,0.5851205587387085
955,12400.0,0.4333157241344452
956,12416.0,0.06688737124204636
957,12432.0,0.1625361442565918
958,12448.0,0.2014828324317932
959,12464.0,0.07421865314245224
960,12480.0,0.4882611036300659
961,12496.0,0.6645002365112305
962,12512.0,0.7348705530166626
963,12528.0,0.04765923693776131
964,12544.0,0.20380136370658875
965,12560.0,0.11473292112350464
966,12576.0,0.8016496300697327
967,12592.0,0.09599455446004868
968,12608.0,0.08060963451862335
969,12624.0,0.3007989525794983
970,12640.0,0.17222720384597778
971,12656.0,0.059790611267089844
972,12672.0,0.425173819065094
973,12688.0,0.6917443871498108
974,12704.0,0.5511149764060974
975,12720.0,0.3884332478046417
976,12736.0,0.23929071426391602
977,12752.0,0.7416468262672424
978,12768.0,0.1060362234711647
979,12784.0,0.09168422967195511
980,12800.0,0.34933629631996155
981,12816.0,0.4947468340396881
982,12832.0,0.50223708152771
983,12848.0,0.47913867235183716
984,12864.0,0.08374839276075363
985,12880.0,0.4077710509300232
986,12896.0,1.1657521724700928
987,12912.0,0.9508374333381653
988,12928.0,0.9584671854972839
989,12944.0,0.39845457673072815
990,12960.0,0.5877887606620789
991,12976.0,0.6153205633163452
992,12992.0,0.5850235223770142
993,13008.0,1.7240036725997925
994,13024.0,0.2955629825592041
995,13040.0,0.5132927298545837
996,13056.0,0.42631596326828003
997,13072.0,0.2063109427690506
998,13088.0,0.12394003570079803
999,13104.0,0.26952558755874634
1000,13120.0,0.46730175614356995
1001,13136.0,0.15804582834243774
1002,13152.0,0.25958144664764404
1003,13168.0,0.2782040536403656
1004,13184.0,0.11267600953578949
1005,13200.0,0.5732122659683228
1006,13216.0,0.32688257098197937
1007,13232.0,3.1234853267669678
1008,13248.0,0.568331778049469
1009,13264.0,0.1655057817697525
1010,13280.0,0.26299723982810974
1011,13296.0,0.1514016091823578
1012,13312.0,0.6606153845787048
1013,13328.0,0.06889833509922028
1014,13344.0,0.7783657312393188
1015,13360.0,0.3877546191215515
1016,13376.0,0.9242041110992432
1017,13392.0,0.10450778901576996
1018,13408.0,0.7371615171432495
1019,13424.0,0.4478335976600647
1020,13440.0,0.520870566368103
1021,13456.0,0.48213839530944824
1022,13472.0,0.3958016335964203
1023,13488.0,1.0969645977020264
1024,13504.0,0.3332585394382477
1025,13520.0,0.7245374917984009
1026,13536.0,0.3149445354938507
1027,13552.0,0.3413165211677551
1028,13568.0,0.9942628741264343
1029,13584.0,0.2426893264055252
1030,13600.0,0.16289082169532776
1031,13616.0,0.9539707899093628
1032,13632.0,0.9915663599967957
1033,13648.0,0.9393965601921082
1034,13664.0,0.133352130651474
1035,13680.0,0.7170270085334778
1036,13696.0,0.605908215045929
1037,13712.0,1.464953899383545
1038,13728.0,0.10534989088773727
1039,13744.0,0.1225416362285614
1040,13760.0,0.6608479022979736
1041,13776.0,1.4014670848846436
1042,13792.0,0.7587720155715942
1043,13808.0,0.29447922110557556
1044,13824.0,0.05340741202235222
1045,13840.0,0.8577382564544678
1046,13856.0,0.36790117621421814
1047,13872.0,0.7980072498321533
1048,13888.0,0.4035714864730835
1049,13904.0,0.36311566829681396
1050,13920.0,0.2949472963809967
1051,13936.0,0.23604688048362732
1052,13952.0,0.957801342010498
1053,13968.0,0.5595778822898865
1054,13984.0,0.3416970372200012
1055,14000.0,0.03943946585059166
1056,14016.0,0.06404173374176025
1057,14032.0,0.9811415076255798
1058,14048.0,1.8065851926803589
1059,14064.0,0.6888211965560913
1060,14080.0,0.01665595918893814
1061,14096.0,0.3909611403942108
1062,14112.0,0.11929363012313843
1063,14128.0,0.3349987268447876
1064,14144.0,0.5405184030532837
1065,14160.0,0.2533871531486511
1066,14176.0,0.40574541687965393
1067,14192.0,0.44914868474006653
1068,14208.0,0.282065749168396
1069,14224.0,0.10609912872314453
1070,14240.0,0.3116426467895508
1071,14256.0,0.4916415512561798
1072,14272.0,0.521338939666748
1073,14288.0,0.8911383152008057
1074,14304.0,0.2721138894557953
1075,14320.0,0.3634324371814728
1076,14336.0,0.5384125113487244
1077,14352.0,0.8350443243980408
1078,14368.0,0.4782959222793579
1079,14384.0,1.2537391185760498
1080,14400.0,0.5540881752967834
1081,14416.0,0.37040165066719055
1082,14432.0,1.1028748750686646
1083,14448.0,0.3521555960178375
1084,14464.0,1.0936267375946045
1085,14480.0,0.3676193058490753
1086,14496.0,0.13665030896663666
1087,14512.0,0.09660229831933975
1088,14528.0,0.3394070565700531
1089,14544.0,0.5314273238182068
1090,14560.0,0.3760593831539154
1091,14576.0,0.47732412815093994
1092,14592.0,0.9035102725028992
1093,14608.0,0.5667654871940613
1094,14624.0,0.3062257766723633
1095,14640.0,0.09388934075832367
1096,14656.0,0.15438199043273926
1097,14672.0,0.3079304099082947
1098,14688.0,0.2076602727174759
1099,14704.0,0.47671210765838623
1100,14720.0,0.43105193972587585
1101,14736.0,1.4522429704666138
1102,14752.0,0.8770696520805359
1103,14768.0,1.0082135200500488
1104,14784.0,0.19900211691856384
1105,14800.0,0.34742870926856995
1106,14816.0,0.207175150513649
1107,14832.0,0.5451087355613708
1108,14848.0,0.7123028039932251
1109,14864.0,0.24026192724704742
1110,14880.0,0.2725582718849182
1111,14896.0,0.3230530917644501
1112,14912.0,0.2570369243621826
1113,14928.0,0.49843543767929077
1114,14944.0,0.15767323970794678
1115,14960.0,0.6309280395507812
1116,14976.0,0.05885078012943268
1117,14992.0,0.13982675969600677
1118,15008.0,0.2524300813674927
1119,15024.0,0.7444918751716614
1120,15040.0,0.12179186195135117
1121,15056.0,0.9002715945243835
1122,15072.0,0.6418117880821228
1123,15088.0,0.09709911793470383
1124,15104.0,0.10399623215198517
1125,15120.0,0.1522730588912964
1126,15136.0,0.8003986477851868
1127,15152.0,0.3499784469604492
1128,15168.0,0.6084102392196655
1129,15184.0,0.02595469169318676
1130,15200.0,1.4383171796798706
1131,15216.0,0.12195704132318497
1132,15232.0,0.34700971841812134
1133,15248.0,0.2749807834625244
1134,15264.0,0.06939750164747238
1135,15280.0,0.1205584704875946
1136,15296.0,0.7698179483413696
1137,15312.0,0.21825264394283295
1138,15328.0,0.6612000465393066
1139,15344.0,0.452030211687088
1140,15360.0,0.08022803068161011
1141,15376.0,1.3221538066864014
1142,15392.0,0.4520854651927948
1143,15408.0,0.3415882885456085
1144,15424.0,0.7905279397964478
1145,15440.0,0.0783754214644432
1146,15456.0,0.03512819483876228
1147,15472.0,0.9554850459098816
1148,15488.0,0.03625774383544922
1149,15504.0,0.617229163646698
1150,15520.0,0.4732395112514496
1151,15536.0,0.6845872402191162
1152,15552.0,0.6836385130882263
1153,15568.0,0.10672469437122345
1154,15584.0,0.5200062990188599
1155,15600.0,0.5668103098869324
1156,15616.0,0.3863620460033417
1157,15632.0,0.08736394345760345
1158,15648.0,0.5243790149688721
1159,15664.0,0.34518998861312866
1160,15680.0,0.22710125148296356
1161,15696.0,0.2055540680885315
1162,15712.0,0.7040924429893494
1163,15728.0,0.24230456352233887
1164,15744.0,0.12801429629325867
1165,15760.0,0.191539466381073
1166,15776.0,0.17452067136764526
1167,15792.0,0.1284462958574295
1168,15808.0,0.019986355677247047
1169,15824.0,0.3919370174407959
1170,15840.0,0.47749650478363037
1171,15856.0,0.478763222694397
1172,15872.0,0.9467273354530334
1173,15888.0,0.528781533241272
1174,15904.0,0.8330111503601074
1175,15920.0,0.12273892015218735
1176,15936.0,1.0392448902130127
1177,15952.0,0.3330652117729187
1178,15968.0,0.1543474942445755
1179,15984.0,0.01901239901781082
1180,16000.0,1.0331270694732666
1181,16016.0,0.1174037754535675
1182,16032.0,0.4888920783996582
1183,16048.0,0.3441166579723358
1184,16064.0,0.21004846692085266
1185,16080.0,0.9588208794593811
1186,16096.0,0.24337995052337646
1187,16112.0,0.12602296471595764
1188,16128.0,0.1552618443965912
1189,16144.0,0.23128043115139008
1190,16160.0,0.17699308693408966
1191,16176.0,0.06150607764720917
1192,16192.0,0.6813020706176758
1193,16208.0,0.38007959723472595
1194,16224.0,0.8069207072257996
1195,16240.0,0.10923991352319717
1196,16256.0,0.23042576014995575
1197,16272.0,0.411293089389801
1198,16288.0,0.12592314183712006
1199,16304.0,0.6138883829116821
1200,16320.0,0.7647500038146973
1201,16336.0,0.6973060369491577
1202,16352.0,0.999643862247467
1203,16368.0,0.9332772493362427
1204,16384.0,0.45361173152923584
1205,16400.0,0.2829141914844513
1206,16416.0,0.09714682400226593
1207,16432.0,0.33169713616371155
1208,16448.0,0.41655099391937256
1209,16464.0,0.37964001297950745
1210,16480.0,1.1056934595108032
1211,16496.0,0.3084300458431244
1212,16512.0,0.23894914984703064
1213,16528.0,0.21670785546302795
1214,16544.0,0.39947807788848877
1215,16560.0,0.10396582633256912
1216,16576.0,0.3531341254711151
1217,16592.0,0.5928926467895508
1218,16608.0,0.11183468997478485
1219,16624.0,0.4127578139305115
1220,16640.0,0.4341360628604889
1221,16656.0,0.49306821823120117
1222,16672.0,0.7621038556098938
1223,16688.0,0.3277646005153656
1224,16704.0,0.5692508816719055
1225,16720.0,0.3066980838775635
1226,16736.0,0.40536758303642273
1227,16752.0,0.6259788274765015
1228,16768.0,0.09074551612138748
1229,16784.0,0.46521466970443726
1230,16800.0,0.2899650037288666
1231,16816.0,0.10945486277341843
1232,16832.0,0.051839906722307205
1233,16848.0,0.2112930715084076
1234,16864.0,1.2159854173660278
1235,16880.0,0.5448951721191406
1236,16896.0,0.1264018565416336
1237,16912.0,0.2619289457798004
1238,16928.0,0.1562376767396927
1239,16944.0,0.4551134705543518
1240,16960.0,0.450755774974823
1241,16976.0,0.2017110288143158
1242,16992.0,0.42143484950065613
1243,17008.0,0.5853911638259888
1244,17024.0,0.09019618481397629
1245,17040.0,0.3252675533294678
1246,17056.0,1.0745301246643066
1247,17072.0,0.23002822697162628
1248,17088.0,0.7109869718551636
1249,17104.0,0.3461722433567047
1250,17120.0,0.3726576268672943
1251,17136.0,0.2177707850933075
1252,17152.0,0.5598089694976807
1253,17168.0,0.4959923326969147
1254,17184.0,0.16322481632232666
1255,17200.0,0.22877758741378784
1256,17216.0,0.3000304102897644
1257,17232.0,0.3846944272518158
1258,17248.0,0.3473999798297882
1259,17264.0,0.48356547951698303
1260,17280.0,0.22308416664600372
1261,17296.0,0.48727846145629883
1262,17312.0,0.21246935427188873
1263,17328.0,0.4036954939365387
1264,17344.0,0.23672087490558624
1265,17360.0,0.28872403502464294
1266,17376.0,0.37911105155944824
1267,17392.0,0.5811375379562378
1268,17408.0,0.0483972504734993
1269,17424.0,1.4639865159988403
1270,17440.0,0.05785185098648071
1271,17456.0,0.02732236124575138
1272,17472.0,0.4318303167819977
1273,17488.0,0.33844542503356934
1274,17504.0,1.1612058877944946
1275,17520.0,0.9313213229179382
1276,17536.0,0.11047322303056717
1277,17552.0,0.26639530062675476
1278,17568.0,0.2762388586997986
1279,17584.0,0.36413487792015076
1280,17600.0,0.18536043167114258
1281,17616.0,0.09387745708227158
1282,17632.0,0.5406988859176636
1283,17648.0,0.7783873677253723
1284,17664.0,0.028119655326008797
1285,17680.0,0.5466703176498413
1286,17696.0,0.10091565549373627
1287,17712.0,0.12301284819841385
1288,17728.0,0.18248222768306732
1289,17744.0,0.07000264525413513
1290,17760.0,0.1358734369277954
1291,17776.0,0.5188943147659302
1292,17792.0,0.21084758639335632
1293,17808.0,0.09287150204181671
1294,17824.0,0.27702435851097107
1295,17840.0,0.25454938411712646
1296,17856.0,0.13828261196613312
1297,17872.0,0.8944042921066284
1298,17888.0,0.4020335376262665
1299,17904.0,0.4495542347431183
1300,17920.0,1.0362623929977417
1301,17936.0,0.3155321180820465
1302,17952.0,1.2958277463912964
1303,17968.0,0.3502767086029053
1304,17984.0,0.2395596206188202
1305,18000.0,0.17618608474731445
1306,18016.0,0.4001031816005707
1307,18032.0,0.8793076872825623
1308,18048.0,0.0900430753827095
1309,18064.0,0.846893846988678
1310,18080.0,0.6846794486045837
1311,18096.0,0.7191433310508728
1312,18112.0,0.2579951584339142
1313,18128.0,0.13858336210250854
1314,18144.0,0.6499924063682556
1315,18160.0,0.31322646141052246
1316,18176.0,0.3025520145893097
1317,18192.0,0.8927707672119141
1318,18208.0,1.4041115045547485
1319,18224.0,0.11914048343896866
1320,18240.0,0.33541783690452576
1321,18256.0,0.1452503502368927
1322,18272.0,0.3720482885837555
1323,18288.0,0.23004665970802307
1324,18304.0,0.1486685574054718
1325,18320.0,0.16510631144046783
1326,18336.0,0.39508429169654846
1327,18352.0,0.9931125640869141
1328,18368.0,0.8448195457458496
1329,18384.0,0.5691993236541748
1330,18400.0,0.3160823583602905
1331,18416.0,0.035564322024583817
1332,18432.0,0.14166417717933655
1333,18448.0,0.4684631824493408
1334,18464.0,0.18042080104351044
1335,18480.0,0.44516950845718384
1336,18496.0,0.9250977039337158
1337,18512.0,0.02493887208402157
1338,18528.0,0.4219987690448761
1339,18544.0,0.27289506793022156
1340,18560.0,1.0772584676742554
1341,18576.0,1.4621715545654297
1342,18592.0,0.1668185144662857
1343,18608.0,1.0430933237075806
1344,18624.0,0.3342898488044739
1345,18640.0,0.5982180833816528
1346,18656.0,0.07698120921850204
1347,18672.0,0.06984434276819229
1348,18688.0,0.6152722239494324
1349,18704.0,0.19940589368343353
1350,18720.0,0.4899994730949402
1351,18736.0,0.17203745245933533
1352,18752.0,0.3122475743293762
1353,18768.0,0.7609043121337891
1354,18784.0,0.48564785718917847
1355,18800.0,0.17220959067344666
1356,18816.0,0.29837578535079956
1357,18832.0,0.18929792940616608
1358,18848.0,0.13697369396686554
1359,18864.0,0.9914311170578003
1360,18880.0,0.6436386108398438
1361,18896.0,0.248455211520195
1362,18912.0,0.24361996352672577
1363,18928.0,0.41591334342956543
1364,18944.0,1.2035661935806274
1365,18960.0,0.2662527859210968
1366,18976.0,0.14989836513996124
1367,18992.0,0.5736192464828491
1368,19008.0,0.9555578827857971
1369,19024.0,0.18574002385139465
1370,19040.0,1.4290119409561157
1371,19056.0,1.4810744524002075
1372,19072.0,0.05129558593034744
1373,19088.0,0.4028101861476898
1374,19104.0,0.6283969283103943
1375,19120.0,0.6190020442008972
1376,19136.0,0.19858333468437195
1377,19152.0,1.3178714513778687
1378,19168.0,0.09677069634199142
1379,19184.0,0.7986531853675842
1380,19200.0,0.5706666111946106
1381,19216.0,0.5724378824234009
1382,19232.0,0.5118198394775391
1383,19248.0,0.1664886772632599
1384,19264.0,0.4500623345375061
1385,19280.0,0.24245469272136688
1386,19296.0,0.607322096824646
1387,19312.0,0.4191060960292816
1388,19328.0,0.6981244087219238
1389,19344.0,0.15778104960918427
1390,19360.0,0.2309110462665558
1391,19376.0,0.028576752170920372
1392,19392.0,1.2059142589569092
1393,19408.0,0.7441376447677612
1394,19424.0,0.17554394900798798
1395,19440.0,0.21481066942214966
1396,19456.0,0.03217041492462158
1397,19472.0,0.18708626925945282
1398,19488.0,0.6063899993896484
1399,19504.0,0.3493603765964508
1400,19520.0,0.3228503167629242
1401,19536.0,0.4040749967098236
1402,19552.0,0.08790115267038345
1403,19568.0,0.46586719155311584
1404,19584.0,0.04259583726525307
1405,19600.0,0.034403134137392044
1406,19616.0,0.34515294432640076
1407,19632.0,0.4949566721916199
1408,19648.0,0.5035607814788818
1409,19664.0,0.11932399123907089
1410,19680.0,0.32277679443359375
1411,19696.0,0.3526763916015625
1412,19712.0,0.28486374020576477
1413,19728.0,0.07322032749652863
1414,19744.0,0.341398686170578
1415,19760.0,0.5389930009841919
1416,19776.0,0.09763076156377792
1417,19792.0,0.35448724031448364
1418,19808.0,0.061798445880413055
1419,19824.0,0.5804378390312195
1420,19840.0,0.01721067726612091
1421,19856.0,0.09264867752790451
1422,19872.0,1.482629418373108
1423,19888.0,0.09967337548732758
1424,19904.0,0.3867834806442261
1425,19920.0,0.07154387980699539
1426,19936.0,0.10155601799488068
1427,19952.0,0.4941363036632538
1428,19968.0,0.2948203682899475
1429,19984.0,0.6882786154747009
1430,20000.0,0.22856713831424713
1431,20016.0,0.17838768661022186
1432,20032.0,0.5660091638565063
1433,20048.0,0.7151170969009399
1434,20064.0,0.49744048714637756
1435,20080.0,1.1073814630508423
1436,20096.0,0.3304084241390228
1437,20112.0,0.15254898369312286
1438,20128.0,0.701205849647522
1439,20144.0,0.5682940483093262
1440,20160.0,0.3417186141014099
1441,20176.0,0.08811154961585999
1442,20192.0,0.40522679686546326
1443,20208.0,0.35096779465675354
1444,20224.0,0.33940696716308594
1445,20240.0,0.14787507057189941
1446,20256.0,0.34584569931030273
1447,20272.0,0.6036732792854309
1448,20288.0,0.3581700325012207
1449,20304.0,0.5003212094306946
1450,20320.0,0.6903128027915955
1451,20336.0,0.14741140604019165
1452,20352.0,0.2925332486629486
1453,20368.0,0.4156699776649475
1454,20384.0,0.20613886415958405
1455,20400.0,0.026196438819169998
1456,20416.0,0.2339615821838379
1457,20432.0,0.2812030017375946
1458,20448.0,0.23985816538333893
1459,20464.0,0.31391826272010803
1460,20480.0,0.13911058008670807
1461,20496.0,0.6494867205619812
1462,20512.0,0.09546606242656708
1463,20528.0,0.5639654994010925
1464,20544.0,0.08465619385242462
1465,20560.0,0.11024679243564606
1466,20576.0,0.252080500125885
1467,20592.0,0.3013007938861847
1468,20608.0,0.18554189801216125
1469,20624.0,0.0878063440322876
1470,20640.0,0.6190598607063293
1471,20656.0,0.7751469612121582
1472,20672.0,0.529980480670929
1473,20688.0,0.05687599256634712
1474,20704.0,0.4534883499145508
1475,20720.0,1.0947521924972534
1476,20736.0,0.7364163398742676
1477,20752.0,0.6817808747291565
1478,20768.0,0.219752699136734
1479,20784.0,0.35175541043281555
1480,20800.0,1.6388897895812988
1481,20816.0,0.9634013175964355
1482,20832.0,0.2515215575695038
1483,20848.0,1.292529582977295
1484,20864.0,0.38734108209609985
1485,20880.0,0.1947702169418335
1486,20896.0,0.20798733830451965
1487,20912.0,0.29353389143943787
1488,20928.0,0.08093848079442978
1489,20944.0,0.14104092121124268
1490,20960.0,0.050567012280225754
1491,20976.0,0.44180408120155334
1492,20992.0,0.16160160303115845
1493,21008.0,0.733113169670105
1494,21024.0,0.11559765785932541
1495,21040.0,0.746326744556427
1496,21056.0,0.25727149844169617
1497,21072.0,0.138036847114563
1498,21088.0,0.7797334790229797
1499,21104.0,0.865258514881134
1500,21120.0,0.21905170381069183
1501,21136.0,0.5234584212303162
1502,21152.0,0.25810012221336365
1503,21168.0,0.11625361442565918
1504,21184.0,0.27225759625434875
1505,21200.0,0.056316643953323364
1506,21216.0,0.40285560488700867
1507,21232.0,0.3696223795413971
1508,21248.0,0.5959426164627075
1509,21264.0,1.9366602897644043
1510,21280.0,0.07062646001577377
1511,21296.0,0.2245645970106125
1512,21312.0,0.19625158607959747
1513,21328.0,0.04346298798918724
1514,21344.0,0.16015446186065674
1515,21360.0,0.09277457743883133
1516,21376.0,0.025495396926999092
1517,21392.0,0.26414358615875244
1518,21408.0,0.3175880014896393
1519,21424.0,0.175788015127182
1520,21440.0,0.48453575372695923
1521,21456.0,0.4525255858898163
1522,21472.0,0.044523756951093674
1523,21488.0,0.48584815859794617
1524,21504.0,0.06219843775033951
1525,21520.0,0.6289750933647156
1526,21536.0,0.3019322454929352
1527,21552.0,0.709883451461792
1528,21568.0,0.06277746707201004
1529,21584.0,0.19136707484722137
1530,21600.0,0.5954856276512146
1531,21616.0,0.2242010086774826
1532,21632.0,0.5715088844299316
1533,21648.0,0.2511754631996155
1534,21664.0,0.8201891779899597
1535,21680.0,1.0142693519592285
1536,21696.0,0.10186715424060822
1537,21712.0,0.07366122305393219
1538,21728.0,0.33261680603027344
1539,21744.0,0.36506202816963196
1540,21760.0,0.24680274724960327
1541,21776.0,0.34121301770210266
1542,21792.0,0.10435444116592407
1543,21808.0,0.2912077009677887
1544,21824.0,0.5288391709327698
1545,21840.0,1.093726634979248
1546,21856.0,0.16268621385097504
1547,21872.0,0.29139450192451477
1548,21888.0,0.08792063593864441
1549,21904.0,0.06223179027438164
1550,21920.0,0.33326005935668945
1551,21936.0,0.0638502761721611
1552,21952.0,0.8889236450195312
1553,21968.0,0.1256207674741745
1554,21984.0,0.018689092248678207
1555,22000.0,0.9263449311256409
1556,22016.0,0.039326734840869904
1557,22032.0,0.8072754144668579
1558,22048.0,0.029508471488952637
1559,22064.0,0.20936468243598938
1560,22080.0,0.49640506505966187
1561,22096.0,0.07480468600988388
1562,22112.0,0.9468804597854614
1563,22128.0,0.48471546173095703
1564,22144.0,0.7987187504768372
1565,22160.0,0.5895364284515381
1566,22176.0,0.45002278685569763
1567,22192.0,0.07492916285991669
1568,22208.0,0.29844358563423157
1569,22224.0,0.2832331955432892
1570,22240.0,1.490385890007019
1571,22256.0,0.5466914772987366
1572,22272.0,0.20433801412582397
1573,22288.0,0.02764885500073433
1574,22304.0,0.06563646346330643
1575,22320.0,0.22024182975292206
1576,22336.0,0.17375217378139496
1577,22352.0,0.3701632618904114
1578,22368.0,0.2649696469306946
1579,22384.0,0.25741279125213623
1580,22400.0,0.47752997279167175
1581,22416.0,0.7178986072540283
1582,22432.0,0.7037945985794067
1583,22448.0,0.17234168946743011
1584,22464.0,0.1964806318283081
1585,22480.0,0.5825207233428955
1586,22496.0,0.22735345363616943
1587,22512.0,0.45960694551467896
1588,22528.0,0.4353066682815552
1589,22544.0,0.1256173700094223
1590,22560.0,0.29436495900154114
1591,22576.0,0.0617927610874176
1592,22592.0,0.01888197660446167
1593,22608.0,0.5061891078948975
1594,22624.0,0.05178346112370491
1595,22640.0,0.8649894595146179
1596,22656.0,0.27961233258247375
1597,22672.0,0.7982500791549683
1598,22688.0,0.23162566125392914
1599,22704.0,0.23887568712234497
1600,22720.0,0.1648997962474823
1601,22736.0,0.12093910574913025
1602,22752.0,0.8865354657173157
1603,22768.0,0.7749834656715393
1604,22784.0,1.0757396221160889
